detector,dataset,targname,ra_targ,dec_targ,numexp,imgname,point,segment,gaia,rms_ra,rms_dec,nmatches,wcstype,category,index
ir,ia2k02,SDFJ132415.7+273058,201.0654166667,27.51611111111,8,hst_11149_02_wfc3_ir_total_ia2k02_drz.fits,248,250,3.0,114.2196241938659,80.46781950176204,20,a posteriori,GALAXY;HIGH REDSHIFT GALAXY,hst_11149_02_wfc3_ir_total_ia2k02
ir,ia2k03,SDFJ132423.7+273324,201.0945833333,27.5525,8,hst_11149_03_wfc3_ir_total_ia2k03_drz.fits,123,168,2.0,86.66754825380347,96.21937291279097,10,a posteriori,GALAXY;HIGH REDSHIFT GALAXY,hst_11149_03_wfc3_ir_total_ia2k03
ir,ia2k04,SDFJ132416.1+274411,201.0670833333,27.73638888889,8,hst_11149_04_wfc3_ir_total_ia2k04_drz.fits,154,161,2.0,83.99268087924274,122.7873230563303,16,a posteriori,GALAXY;HIGH REDSHIFT GALAXY,hst_11149_04_wfc3_ir_total_ia2k04
ir,ia2k11,SDFJ132440.6+273607,201.1691666667,27.60194444444,8,hst_11149_11_wfc3_ir_total_ia2k11_drz.fits,232,234,5.0,31.33481353442658,12.18325699967503,5,a posteriori,GALAXY;HIGH REDSHIFT GALAXY,hst_11149_11_wfc3_ir_total_ia2k11
ir,ib0l6z,HOPS-38,83.76966,-5.620080555556,5,hst_11548_6z_wfc3_ir_total_ib0l6z_drz.fits,1759,146,6.0,12.42422533926925,23.16465593134758,6,a priori,STAR;YSO,hst_11548_6z_wfc3_ir_total_ib0l6z
ir,ib0l7c,HOPS-50,83.67045,-5.529,5,hst_11548_7c_wfc3_ir_total_ib0l7c_drz.fits,1529,66,2.0,70.532984962107,87.9546651854967,13,a posteriori,STAR;YSO,hst_11548_7c_wfc3_ir_total_ib0l7c
ir,ib0l7e,HOPS-60,83.8472,-5.20085,5,hst_11548_7e_wfc3_ir_total_ib0l7e_drz.fits,1161,156,13.0,15.34707824027021,18.70662330973247,11,a posteriori,STAR;YSO,hst_11548_7e_wfc3_ir_total_ib0l7e
ir,ib0l7f,HOPS-73,83.86543,-5.117638888889,5,hst_11548_7f_wfc3_ir_total_ib0l7f_drz.fits,1316,153,7.0,5.514103481057749,3.82510134001873,4,a posteriori,STAR;YSO,hst_11548_7f_wfc3_ir_total_ib0l7f
ir,ib0l7g,HOPS-77,83.88139,-5.096461111111,5,hst_11548_7g_wfc3_ir_total_ib0l7g_drz.fits,1268,337,6.0,13.51502116814192,10.34059908603681,5,a posteriori,STAR;YSO,hst_11548_7g_wfc3_ir_total_ib0l7g
ir,ib0l7h,HOPS-81,83.86647,-5.082819444444,5,hst_11548_7h_wfc3_ir_total_ib0l7h_drz.fits,1672,293,6.0,17.94835087489343,19.83476158643085,4,a posteriori,STAR;YSO,hst_11548_7h_wfc3_ir_total_ib0l7h
ir,ib0l7i,HOPS-82,83.83219,-5.081830555556,5,hst_11548_7i_wfc3_ir_total_ib0l7i_drz.fits,1734,68,2.0,0.0,0.0,1,a posteriori,STAR;YSO,hst_11548_7i_wfc3_ir_total_ib0l7i
ir,ib0l7j,HOPS-96,83.87383,-4.980219444444,5,hst_11548_7j_wfc3_ir_total_ib0l7j_drz.fits,1409,370,2.0,77.00377606201322,72.12915514222139,13,a posteriori,STAR;YSO,hst_11548_7j_wfc3_ir_total_ib0l7j
ir,ib0l7m,HOPS-101,83.78427,-4.9027,5,hst_11548_7m_wfc3_ir_total_ib0l7m_drz.fits,1072,194,2.0,65.68583534169626,59.14653873010541,22,a posteriori,STAR;YSO,hst_11548_7m_wfc3_ir_total_ib0l7m
ir,ib0l9m,HOPS-295,85.3706,-2.388711111111,5,hst_11548_9m_wfc3_ir_total_ib0l9m_drz.fits,1184,219,1.0,0.0,0.0,1,a posteriori,STAR;YSO,hst_11548_9m_wfc3_ir_total_ib0l9m
ir,ib0lae,HOPS-89M,83.82933416667,-5.012611111111,5,hst_11548_ae_wfc3_ir_total_ib0lae_drz.fits,1237,329,5.0,67.27461894959264,87.37610623627218,16,a posteriori,STAR;YSO,hst_11548_ae_wfc3_ir_total_ib0lae
ir,ib0lai,HOPS-67M,83.849805,-5.140447222222,5,hst_11548_ai_wfc3_ir_total_ib0lai_drz.fits,1386,206,17.0,23.29071651286777,22.62432042761999,10,a posteriori,STAR;YSO,hst_11548_ai_wfc3_ir_total_ib0lai
ir,ib0laj,HOPS-63M,83.85917083333,-5.16275,5,hst_11548_aj_wfc3_ir_total_ib0laj_drz.fits,1046,290,15.0,35.31061963613609,25.67932847032282,9,a posteriori,STAR;YSO,hst_11548_aj_wfc3_ir_total_ib0laj
ir,ib0lb8,HOPS-48,83.77734,-5.547669444444,5,hst_11548_b8_wfc3_ir_total_ib0lb8_drz.fits,1244,171,10.0,36.21415294212655,67.88162504990169,10,a posteriori,STAR;YSO,hst_11548_b8_wfc3_ir_total_ib0lb8
ir,ib5w01,WESTERLUND1-FIELD,251.9291666667,-46.06305555556,21,hst_11708_01_wfc3_ir_total_ib5w01_drz.fits,7589,8469,262.0,29.01056438548142,26.90509417651322,212,a posteriori,STELLAR CLUSTER;GLOBULAR CLUSTER,hst_11708_01_wfc3_ir_total_ib5w01
uvis,ib6wd1,30-DOR,84.70679166667,-69.10513888889,11,hst_11360_d1_wfc3_uvis_total_ib6wd1_drc.fits,18410,0,2146.0,14.94271352537495,16.78715478694324,789,a posteriori,EXT-CLUSTER;OB ASSOCIATION;STAR ,hst_11360_d1_wfc3_uvis_total_ib6wd1
uvis,ib6wd2,30-DOR,84.70679166667,-69.10513888889,11,hst_11360_d2_wfc3_uvis_total_ib6wd2_drc.fits,18364,0,2149.0,9.564577016918173,12.12522818682469,567,a posteriori,EXT-CLUSTER;OB ASSOCIATION;STAR ,hst_11360_d2_wfc3_uvis_total_ib6wd2
ir,ib6wd4,30-DOR-SUB,84.67666666667,-69.10077777778,7,hst_11360_d4_wfc3_ir_total_ib6wd4_drz.fits,3697,4969,1644.0,24.87541221515469,19.38501708450941,566,a posteriori,STELLAR CLUSTER;STAR FORMING REG,hst_11360_d4_wfc3_ir_total_ib6wd4
uvis,ib6wd4,30-DOR,84.70679166667,-69.10513888889,11,hst_11360_d4_wfc3_uvis_total_ib6wd4_drc.fits,18664,99560,2148.0,13.05626731511267,15.18609583568105,744,a posteriori,EXT-CLUSTER;OB ASSOCIATION;STAR ,hst_11360_d4_wfc3_uvis_total_ib6wd4
uvis,ib6wd5,30-DOR,84.70679166667,-69.10513888889,11,hst_11360_d5_wfc3_uvis_total_ib6wd5_drc.fits,18034,0,2139.0,13.82836357576097,16.19796212941301,736,a posteriori,EXT-CLUSTER;OB ASSOCIATION;STAR ,hst_11360_d5_wfc3_uvis_total_ib6wd5
ir,ib6wr8,30-DOR-SUB,84.67666666667,-69.10077777778,7,hst_11360_r8_wfc3_ir_total_ib6wr8_drz.fits,2778,5369,1643.0,36.6109991828097,29.90141344371078,593,a posteriori,STELLAR CLUSTER;STAR FORMING REG,hst_11360_r8_wfc3_ir_total_ib6wr8
uvis,ib6wr8,30-DOR,84.70679166667,-69.10513888889,11,hst_11360_r8_wfc3_uvis_total_ib6wr8_drc.fits,17729,0,2150.0,14.25860307079392,17.90775158055324,759,a posteriori,EXT-CLUSTER;OB ASSOCIATION;STAR ,hst_11360_r8_wfc3_uvis_total_ib6wr8
ir,ib7i02,SN-1987A,83.867125,-69.26968055556,10,hst_11653_02_wfc3_ir_total_ib7i02_drz.fits,335,513,92.0,65.0043168678436,42.89970546236689,22,a posteriori,EXT-STAR;SUPERNOVA,hst_11653_02_wfc3_ir_total_ib7i02
uvis,ib7i40,ANY,83.6167772904,-69.27052483491,6,hst_11653_40_wfc3_uvis_total_ib7i40_drc.fits,35157,45330,1397.0,18.20621989920676,15.7955666889565,572,a posteriori,UNIDENTIFIED;PARALLEL FIELD,hst_11653_40_wfc3_uvis_total_ib7i40
ir,ib7ia2,SN-1987A,83.867125,-69.26968055556,10,hst_11653_a2_wfc3_ir_total_ib7ia2_drz.fits,377,627,75.0,17.14868732287502,23.69446695852795,40,a posteriori,EXT-STAR;SUPERNOVA,hst_11653_a2_wfc3_ir_total_ib7ia2
ir,ibcx11,HH-666-IR1,161.012465,-59.93185555556,8,hst_11501_11_wfc3_ir_total_ibcx11_drz.fits,3605,5423,412.0,25.35445669116426,23.23392025621395,271,a posteriori,ISM;HERBIG-HARO OBJECT,hst_11501_11_wfc3_ir_total_ibcx11
uvis,ibdz12,HH901,161.021875,-59.49583333333,9,hst_12050_12_wfc3_uvis_total_ibdz12_drc.fits,803,0,393.0,13.80254907765532,12.46874871908998,293,a posteriori,ISM;HERBIG-HARO OBJECT,hst_12050_12_wfc3_uvis_total_ibdz12
uvis,ibdz14,HH901,161.021875,-59.49583333333,9,hst_12050_14_wfc3_uvis_total_ibdz14_drc.fits,2164,13440,236.0,16.44114513970524,14.52591196595246,200,a posteriori,ISM;HERBIG-HARO OBJECT,hst_12050_14_wfc3_uvis_total_ibdz14
ir,ibdz21,HH901,161.021875,-59.49583333333,12,hst_12050_21_wfc3_ir_total_ibdz21_drz.fits,2985,0,267.0,32.59131846601904,26.39734208567198,232,a posteriori,ISM;HERBIG-HARO OBJECT,hst_12050_21_wfc3_ir_total_ibdz21
ir,ibdz22,HH901,161.021875,-59.49583333333,12,hst_12050_22_wfc3_ir_total_ibdz22_drz.fits,2558,6416,226.0,27.3805488454303,23.15452980888019,208,a posteriori,ISM;HERBIG-HARO OBJECT,hst_12050_22_wfc3_ir_total_ibdz22
ir,ibdz24,HH901,161.021875,-59.49583333333,12,hst_12050_24_wfc3_ir_total_ibdz24_drz.fits,3987,232,159.0,0.0,0.0,0,a priori,ISM;HERBIG-HARO OBJECT,hst_12050_24_wfc3_ir_total_ibdz24
ir,ibdz25,HH901-COPY,161.0046666667,-59.47861111111,12,hst_12050_25_wfc3_ir_total_ibdz25_drz.fits,2816,0,166.0,31.20763800958953,28.79438618824303,156,a posteriori,ISM;HERBIG-HARO OBJECT,hst_12050_25_wfc3_ir_total_ibdz25
ir,ibkf10,SN-1987A,83.867125,-69.26968055556,28,hst_12241_10_wfc3_ir_total_ibkf10_drz.fits,54,123,22.0,15.47177136650659,26.03729358978637,7,a priori,EXT-STAR;SUPERNOVA,hst_12241_10_wfc3_ir_total_ibkf10
uvis,ibkf10,SN-1987A,83.867125,-69.26968055556,14,hst_12241_10_wfc3_uvis_total_ibkf10_drc.fits,437,0,1373.0,6.118859654133424,5.251070259256059,307,a posteriori,EXT-STAR;SUPERNOVA,hst_12241_10_wfc3_uvis_total_ibkf10
uvis,ibkf40,ANY,83.79056752987,-69.35690405605,5,hst_12241_40_wfc3_uvis_total_ibkf40_drc.fits,50845,54756,1584.0,8.481438242630457,7.723848540091223,607,a posteriori,UNIDENTIFIED;PARALLEL FIELD,hst_12241_40_wfc3_uvis_total_ibkf40
ir,ibl102,SDF02,201.1291666667,27.505,8,hst_12329_02_wfc3_ir_total_ibl102_drz.fits,172,197,3.0,17.50777524514909,8.897365297237119,3,a posteriori,GALAXY;HIGH REDSHIFT GALAXY,hst_12329_02_wfc3_ir_total_ibl102
ir,ibp504,ANY,84.36776679815,-68.96047749387,6,hst_12581_04_wfc3_ir_total_ibp504_drz.fits,7789,8773,522.0,18.87644347510478,20.86738206340293,270,a posteriori,UNIDENTIFIED;PARALLEL FIELD,hst_12581_04_wfc3_ir_total_ibp504
uvis,ibp504,ANY,84.36636320678,-68.95966101515,12,hst_12581_04_wfc3_uvis_total_ibp504_drc.fits,22456,0,855.0,4.747453208257329,5.385732724049501,549,a posteriori,UNIDENTIFIED;PARALLEL FIELD,hst_12581_04_wfc3_uvis_total_ibp504
ir,ibpu01,SDF11,201.065125,27.69294166667,8,hst_12616_01_wfc3_ir_total_ibpu01_drz.fits,1863,476,4.0,0.1675240248085814,3.311423193443179,3,a posteriori,GALAXY;HIGH REDSHIFT GALAXY,hst_12616_01_wfc3_ir_total_ibpu01
ir,ibpu03,SDF13,201.1445833333,27.67408333333,8,hst_12616_03_wfc3_ir_total_ibpu03_drz.fits,2211,760,4.0,11.58065339977125,11.97935114761884,4,a posteriori,GALAXY;HIGH REDSHIFT GALAXY,hst_12616_03_wfc3_ir_total_ibpu03
ir,ibpu08,SDF22,201.1291708333,27.505,8,hst_12616_08_wfc3_ir_total_ibpu08_drz.fits,112,52,3.0,2.885274915970677,11.96127770093173,3,a posteriori,GALAXY;HIGH REDSHIFT GALAXY,hst_12616_08_wfc3_ir_total_ibpu08
uvis,ibrd01,ORION-INNER,83.78945833333,-5.406944444444,19,hst_12543_01_wfc3_uvis_total_ibrd01_drc.fits,75,69,119.0,20.58474888273153,14.96744633475481,71,a posteriori,ISM;EMISSION LINE NEBULA;PLANETA,hst_12543_01_wfc3_uvis_total_ibrd01
uvis,ibrd02,ORION-QUADS,83.80695833333,-5.402419444444,3,hst_12543_02_wfc3_uvis_total_ibrd02_drc.fits,162,815,59.0,16.39277750392379,24.01323996376323,22,a posteriori,ISM;EMISSION LINE NEBULA;PLANETA,hst_12543_02_wfc3_uvis_total_ibrd02
uvis,ibrd03,ORION-QUADS,83.80695833333,-5.402419444444,3,hst_12543_03_wfc3_uvis_total_ibrd03_drc.fits,84,861,61.0,12.96362938527157,14.87258976735998,18,a posteriori,ISM;EMISSION LINE NEBULA;PLANETA,hst_12543_03_wfc3_uvis_total_ibrd03
uvis,ibrg21,SG1120-12B,170.0517995833,-12.13112222222,3,hst_12470_21_wfc3_uvis_total_ibrg21_drc.fits,57,337,3.0,2.527467667017984,3.353945314057154,3,a priori,CLUSTER OF GALAXIES;GROUP,hst_12470_21_wfc3_uvis_total_ibrg21
ir,ibsa01,M-51-V01,202.4195158333,47.15644444444,8,hst_12490_01_wfc3_ir_total_ibsa01_drz.fits,5328,2130,50.0,34.32979640420749,46.20975474202019,37,a posteriori,GALAXY;SPIRAL;SPIRAL ARM;STAR FO,hst_12490_01_wfc3_ir_total_ibsa01
ir,ibsa02,M-51-V02,202.4248579167,47.18655555556,8,hst_12490_02_wfc3_ir_total_ibsa02_drz.fits,3732,2609,71.0,41.06636292193386,50.21976886502249,53,a posteriori,GALAXY;SPIRAL;SPIRAL ARM;STAR FO,hst_12490_02_wfc3_ir_total_ibsa02
ir,ibsa03,M-51-V03,202.4370670833,47.21935555556,8,hst_12490_03_wfc3_ir_total_ibsa03_drz.fits,2570,2368,44.0,36.51248161538808,54.90690521677249,37,a posteriori,GALAXY;SPIRAL;SPIRAL ARM;STAR FO,hst_12490_03_wfc3_ir_total_ibsa03
ir,ibsa04,M-51-V04,202.45759375,47.15528055556,8,hst_12490_04_wfc3_ir_total_ibsa04_drz.fits,2385,1804,59.0,33.40271074608602,41.95612089851699,45,a posteriori,GALAXY;SPIRAL;SPIRAL ARM;STAR FO,hst_12490_04_wfc3_ir_total_ibsa04
ir,ibsa05,M-51-V05,202.4704479167,47.18783333333,8,hst_12490_05_wfc3_ir_total_ibsa05_drz.fits,2320,1515,293.0,48.74672564274132,54.64487335661781,133,a posteriori,GALAXY;SPIRAL;SPIRAL ARM;STAR FO,hst_12490_05_wfc3_ir_total_ibsa05
ir,ibsa16,M-51-V06,202.47873125,47.22173055556,8,hst_12490_16_wfc3_ir_total_ibsa16_drz.fits,3639,1744,132.0,50.31817455900064,52.62031190875959,100,a posteriori,GALAXY;SPIRAL;SPIRAL ARM;STAR FO,hst_12490_16_wfc3_ir_total_ibsa16
ir,ibsa19,M-51-V09,202.5184320833,47.22098611111,8,hst_12490_19_wfc3_ir_total_ibsa19_drz.fits,4689,3480,101.0,49.65591189940533,67.89702743118374,73,a posteriori,GALAXY;SPIRAL;SPIRAL ARM;STAR FO,hst_12490_19_wfc3_ir_total_ibsa19
ir,ibsa20,M-51-V10,202.5085858333,47.25338055556,8,hst_12490_20_wfc3_ir_total_ibsa20_drz.fits,2661,1551,34.0,33.61327411431657,27.54838806650367,23,a posteriori,GALAXY;SPIRAL;SPIRAL ARM;STAR FO,hst_12490_20_wfc3_ir_total_ibsa20
uvis,ibsf01,30-DOR,84.43825375,-69.08950555556,5,hst_12499_01_wfc3_uvis_total_ibsf01_drc.fits,22733,0,1372.0,11.34066699793089,10.74649661671112,804,a posteriori,EXT-CLUSTER;OB ASSOCIATION;STAR ,hst_12499_01_wfc3_uvis_total_ibsf01
uvis,ibsf02,30-DOR,84.43825375,-69.08950555556,5,hst_12499_02_wfc3_uvis_total_ibsf02_drc.fits,17811,0,2412.0,8.051118289656742,8.402456418725665,955,a posteriori,EXT-CLUSTER;OB ASSOCIATION;STAR ,hst_12499_02_wfc3_uvis_total_ibsf02
uvis,ibsf04,30-DOR,84.43825375,-69.08950555556,5,hst_12499_04_wfc3_uvis_total_ibsf04_drc.fits,25201,114230,1446.0,10.88303004447349,11.21495525907383,819,a posteriori,EXT-CLUSTER;OB ASSOCIATION;STAR ,hst_12499_04_wfc3_uvis_total_ibsf04
uvis,ibsf06,30-DOR,84.43825375,-69.08950555556,5,hst_12499_06_wfc3_uvis_total_ibsf06_drc.fits,28882,50156,1492.0,5.862597396392986,5.797062384926205,722,a posteriori,EXT-CLUSTER;OB ASSOCIATION;STAR ,hst_12499_06_wfc3_uvis_total_ibsf06
uvis,ibsf07,30-DOR,84.43825375,-69.08950555556,5,hst_12499_07_wfc3_uvis_total_ibsf07_drc.fits,15394,51674,1532.0,6.72825104640408,6.339887062477411,830,a posteriori,EXT-CLUSTER;OB ASSOCIATION;STAR ,hst_12499_07_wfc3_uvis_total_ibsf07
uvis,ibsf09,30-DOR,84.43825375,-69.08950555556,5,hst_12499_09_wfc3_uvis_total_ibsf09_drc.fits,26213,65845,1329.0,7.156368121639527,7.456688483399307,823,a posteriori,EXT-CLUSTER;OB ASSOCIATION;STAR ,hst_12499_09_wfc3_uvis_total_ibsf09
uvis,ibsf10,30-DOR,84.43825375,-69.08950555556,5,hst_12499_10_wfc3_uvis_total_ibsf10_drc.fits,25478,56564,1440.0,5.598649922064288,5.110958017707266,777,a posteriori,EXT-CLUSTER;OB ASSOCIATION;STAR ,hst_12499_10_wfc3_uvis_total_ibsf10
uvis,ibsf16,30-DOR,84.43825375,-69.08950555556,5,hst_12499_16_wfc3_uvis_total_ibsf16_drc.fits,33687,66627,1880.0,5.355447333121231,6.019564986960548,820,a posteriori,EXT-CLUSTER;OB ASSOCIATION;STAR ,hst_12499_16_wfc3_uvis_total_ibsf16
uvis,ibsf53,30-DOR,84.43825375,-69.08950555556,4,hst_12499_53_wfc3_uvis_total_ibsf53_drc.fits,27603,0,1061.0,7.08758273356876,7.244688102063723,546,a posteriori,EXT-CLUSTER;OB ASSOCIATION;STAR ,hst_12499_53_wfc3_uvis_total_ibsf53
uvis,ibvx02,M51-2,202.5183341667,47.18960277778,6,hst_12762_02_wfc3_uvis_total_ibvx02_drc.fits,6542,11129,177.0,13.51937836862955,16.16691230408243,114,a posteriori,GALAXY,hst_12762_02_wfc3_uvis_total_ibvx02
uvis,ibvx04,M51-4,202.468695,47.16584166667,6,hst_12762_04_wfc3_uvis_total_ibvx04_drc.fits,7369,11475,182.0,18.08644484578882,17.05653919721809,122,a posteriori,GALAXY,hst_12762_04_wfc3_uvis_total_ibvx04
uvis,ibvx05,M51-1,202.4871216667,47.22467222222,2,hst_12762_05_wfc3_uvis_total_ibvx05_drc.fits,11325,0,286.0,11.66010395701094,15.95851049409023,46,a posteriori,GALAXY,hst_12762_05_wfc3_uvis_total_ibvx05
uvis,ibvx06,M51-3,202.4374825,47.2009,2,hst_12762_06_wfc3_uvis_total_ibvx06_drc.fits,8292,14253,247.0,13.5911722532428,12.27526492154164,67,a posteriori,GALAXY,hst_12762_06_wfc3_uvis_total_ibvx06
uvis,ibvxa5,M51-2,202.5183341667,47.18960277778,2,hst_12762_a5_wfc3_uvis_total_ibvxa5_drc.fits,10066,17825,169.0,11.52699351458836,11.82177484065258,56,a posteriori,GALAXY,hst_12762_a5_wfc3_uvis_total_ibvxa5
uvis,ibvxa6,M51-4,202.468695,47.16584166667,2,hst_12762_a6_wfc3_uvis_total_ibvxa6_drc.fits,7790,6672,173.0,15.20874438622609,15.47924567580525,59,a posteriori,GALAXY,hst_12762_a6_wfc3_uvis_total_ibvxa6
ir,ibxl51,HORSEHEAD-COPY,85.25445666667,-2.452997222222,4,hst_12812_51_wfc3_ir_total_ibxl51_drz.fits,2395,363,12.0,14.62768824721258,9.775352481612083,11,a posteriori,ISM;DARK CLOUD,hst_12812_51_wfc3_ir_total_ibxl51
ir,ibxl52,HORSEHEAD-COPY,85.25445666667,-2.452997222222,4,hst_12812_52_wfc3_ir_total_ibxl52_drz.fits,1577,314,8.0,9.711737759417536,14.81415168279415,8,a posteriori,ISM;DARK CLOUD,hst_12812_52_wfc3_ir_total_ibxl52
ir,ibxl53,HORSEHEAD-COPY,85.25445666667,-2.452997222222,4,hst_12812_53_wfc3_ir_total_ibxl53_drz.fits,2654,257,5.0,11.36502832487435,4.855283459212522,4,a posteriori,ISM;DARK CLOUD,hst_12812_53_wfc3_ir_total_ibxl53
ir,ibxl56,HORSEHEAD-COPY,85.25445666667,-2.452997222222,4,hst_12812_56_wfc3_ir_total_ibxl56_drz.fits,2344,214,5.0,5.213105660763791,3.479031537375872,4,a posteriori,ISM;DARK CLOUD,hst_12812_56_wfc3_ir_total_ibxl56
uvis,iby001,NGC-2070-V01,84.7346775,-69.07409444444,5,hst_12939_01_wfc3_uvis_total_iby001_drc.fits,8430,18099,1683.0,9.392544372355072,10.97582644452332,489,a posteriori,STELLAR CLUSTER;STAR FORMING REG,hst_12939_01_wfc3_uvis_total_iby001
ir,iby01p,NGC-2070-3-V1P,84.58179208333,-69.13225,4,hst_12939_1p_wfc3_ir_total_iby01p_drz.fits,3949,6794,741.0,23.61344381507224,21.29005293688423,387,a posteriori,STELLAR CLUSTER;STAR FORMING REG,hst_12939_1p_wfc3_ir_total_iby01p
ir,iby01r,NGC-2070-3-V1R,84.72348375,-69.18831111111,4,hst_12939_1r_wfc3_ir_total_iby01r_drz.fits,3628,7952,474.0,16.11696292554974,18.47443573795494,323,a posteriori,STELLAR CLUSTER;STAR FORMING REG,hst_12939_1r_wfc3_ir_total_iby01r
ir,iby01s,NGC-2070-3-V1S,84.306295,-69.07593611111,4,hst_12939_1s_wfc3_ir_total_iby01s_drz.fits,5584,11639,656.0,22.03225439470429,22.54196974030508,355,a posteriori,STELLAR CLUSTER;STAR FORMING REG,hst_12939_1s_wfc3_ir_total_iby01s
ir,iby01v,NGC-2070-3-V1V,84.51647833333,-69.15674166667,4,hst_12939_1v_wfc3_ir_total_iby01v_drz.fits,4963,9205,950.0,12.42054291116758,10.99078416546929,411,a posteriori,STELLAR CLUSTER;STAR FORMING REG,hst_12939_1v_wfc3_ir_total_iby01v
ir,iby01y,NGC-2070-3-V1Y,84.23941208333,-69.09793055556,4,hst_12939_1y_wfc3_ir_total_iby01y_drz.fits,5329,10414,572.0,30.97062151889175,30.74839390107971,349,a posteriori,STELLAR CLUSTER;STAR FORMING REG,hst_12939_1y_wfc3_ir_total_iby01y
ir,iby02a,NGC-2070-3-V2A,84.37953458333,-69.15188333333,4,hst_12939_2a_wfc3_ir_total_iby02a_drz.fits,4815,9970,933.0,13.92223659047924,14.55595918637143,379,a posteriori,STELLAR CLUSTER;STAR FORMING REG,hst_12939_2a_wfc3_ir_total_iby02a
ir,iby03a,NGC-2070-4,84.7075,-69.08565555556,4,hst_12939_3a_wfc3_ir_total_iby03a_drz.fits,3002,7806,772.0,10.70386333271781,10.71198452599557,403,a posteriori,STELLAR CLUSTER;STAR FORMING REG,hst_12939_3a_wfc3_ir_total_iby03a
ir,iby03e,NGC-2070-4,84.7075,-69.08565555556,4,hst_12939_3e_wfc3_ir_total_iby03e_drz.fits,5268,12335,850.0,23.1909239204778,23.7516966876064,384,a posteriori,STELLAR CLUSTER;STAR FORMING REG,hst_12939_3e_wfc3_ir_total_iby03e
ir,iby03h,NGC-2070-4,84.7075,-69.08565555556,4,hst_12939_3h_wfc3_ir_total_iby03h_drz.fits,3060,0,1212.0,19.60135624529779,18.87103676900415,457,a posteriori,STELLAR CLUSTER;STAR FORMING REG,hst_12939_3h_wfc3_ir_total_iby03h
ir,iby03j,NGC-2070-4,84.7075,-69.08565555556,4,hst_12939_3j_wfc3_ir_total_iby03j_drz.fits,2948,6052,792.0,24.71947322709421,26.19647987807325,369,a posteriori,STELLAR CLUSTER;STAR FORMING REG,hst_12939_3j_wfc3_ir_total_iby03j
ir,iby03k,NGC-2070-4,84.7075,-69.08565555556,4,hst_12939_3k_wfc3_ir_total_iby03k_drz.fits,4443,12114,834.0,8.526666072425476,8.847441165553912,387,a posteriori,STELLAR CLUSTER;STAR FORMING REG,hst_12939_3k_wfc3_ir_total_iby03k
ir,iby03l,NGC-2070-4,84.7075,-69.08565555556,4,hst_12939_3l_wfc3_ir_total_iby03l_drz.fits,3548,8677,561.0,31.5038867185957,28.25834865948675,342,a posteriori,STELLAR CLUSTER;STAR FORMING REG,hst_12939_3l_wfc3_ir_total_iby03l
ir,iby03m,NGC-2070-4,84.7075,-69.08565555556,4,hst_12939_3m_wfc3_ir_total_iby03m_drz.fits,2459,7614,546.0,12.80360148573964,12.75276407108544,357,a posteriori,STELLAR CLUSTER;STAR FORMING REG,hst_12939_3m_wfc3_ir_total_iby03m
ir,iby03o,NGC-2070-4,84.7075,-69.08565555556,4,hst_12939_3o_wfc3_ir_total_iby03o_drz.fits,3671,0,712.0,18.73568355643323,21.11210273616837,356,a posteriori,STELLAR CLUSTER;STAR FORMING REG,hst_12939_3o_wfc3_ir_total_iby03o
ir,iby03p,NGC-2070-4,84.7075,-69.08565555556,4,hst_12939_3p_wfc3_ir_total_iby03p_drz.fits,4420,6777,709.0,11.80115504881396,11.86564624066788,362,a posteriori,STELLAR CLUSTER;STAR FORMING REG,hst_12939_3p_wfc3_ir_total_iby03p
ir,iby03q,NGC-2070-4,84.7075,-69.08565555556,4,hst_12939_3q_wfc3_ir_total_iby03q_drz.fits,5921,11411,775.0,26.21325996693034,25.91908757947174,366,a posteriori,STELLAR CLUSTER;STAR FORMING REG,hst_12939_3q_wfc3_ir_total_iby03q
uvis,iby07b,NGC-2070-V7B,84.62955791667,-69.09084166667,5,hst_12939_7b_wfc3_uvis_total_iby07b_drc.fits,9565,23813,3134.0,12.82068726460822,12.45961991839336,739,a posteriori,STELLAR CLUSTER;STAR FORMING REG,hst_12939_7b_wfc3_uvis_total_iby07b
uvis,iby07c,NGC-2070-V7C,84.48817875,-69.1143,5,hst_12939_7c_wfc3_uvis_total_iby07c_drc.fits,10351,0,1396.0,7.282761843186898,5.947889513280279,231,a posteriori,STELLAR CLUSTER;STAR FORMING REG,hst_12939_7c_wfc3_uvis_total_iby07c
uvis,iby07e,NGC-2070-V7E,84.30677,-69.13365833333,5,hst_12939_7e_wfc3_uvis_total_iby07e_drc.fits,4374,12531,1449.0,4.990791489606782,4.451485418882576,286,a posteriori,STELLAR CLUSTER;STAR FORMING REG,hst_12939_7e_wfc3_uvis_total_iby07e
uvis,iby07f,NGC-2070-V7F,84.19979291667,-69.14838333333,5,hst_12939_7f_wfc3_uvis_total_iby07f_drc.fits,4048,14705,1799.0,13.14906415171,8.828606251990397,356,a posteriori,STELLAR CLUSTER;STAR FORMING REG,hst_12939_7f_wfc3_uvis_total_iby07f
uvis,iby07g,NGC-2070-V7G,84.67670708333,-69.03029444444,5,hst_12939_7g_wfc3_uvis_total_iby07g_drc.fits,12633,17617,1370.0,21.05970814484464,19.18379047747131,238,a posteriori,STELLAR CLUSTER;STAR FORMING REG,hst_12939_7g_wfc3_uvis_total_iby07g
uvis,iby07h,NGC-2070-V7H,84.56973,-69.04525,5,hst_12939_7h_wfc3_uvis_total_iby07h_drc.fits,10752,18924,1696.0,18.32186101992873,16.21804585492239,358,a posteriori,STELLAR CLUSTER;STAR FORMING REG,hst_12939_7h_wfc3_uvis_total_iby07h
uvis,iby07i,NGC-2070-V7I,84.46275333333,-69.06013888889,5,hst_12939_7i_wfc3_uvis_total_iby07i_drc.fits,12569,20933,1682.0,6.976586175117427,5.744167688309776,346,a posteriori,STELLAR CLUSTER;STAR FORMING REG,hst_12939_7i_wfc3_uvis_total_iby07i
uvis,iby07j,NGC-2070-V7J,84.35577666667,-69.07496111111,5,hst_12939_7j_wfc3_uvis_total_iby07j_drc.fits,4206,13596,1235.0,13.2723519573422,15.31827083814353,224,a posteriori,STELLAR CLUSTER;STAR FORMING REG,hst_12939_7j_wfc3_uvis_total_iby07j
uvis,iby07m,NGC-2070-2,84.64684833333,-69.18078333333,5,hst_12939_7m_wfc3_uvis_total_iby07m_drc.fits,5234,23821,1825.0,4.570196494809494,5.076773595518501,430,a posteriori,STELLAR CLUSTER;STAR FORMING REG,hst_12939_7m_wfc3_uvis_total_iby07m
uvis,iby07s,NGC-2070-2,84.64684833333,-69.18078333333,5,hst_12939_7s_wfc3_uvis_total_iby07s_drc.fits,4269,13640,1142.0,18.05863271277719,15.15400582391266,104,a posteriori,STELLAR CLUSTER;STAR FORMING REG,hst_12939_7s_wfc3_uvis_total_iby07s
uvis,iby07t,NGC-2070-2,84.64684833333,-69.18078333333,5,hst_12939_7t_wfc3_uvis_total_iby07t_drc.fits,4686,19172,1237.0,11.29141438563153,11.45157911981137,173,a posteriori,STELLAR CLUSTER;STAR FORMING REG,hst_12939_7t_wfc3_uvis_total_iby07t
uvis,iby07u,NGC-2070-2,84.64684833333,-69.18078333333,5,hst_12939_7u_wfc3_uvis_total_iby07u_drc.fits,9759,0,923.0,1.699571296079086,1.850824884998191,11,a posteriori,STELLAR CLUSTER;STAR FORMING REG,hst_12939_7u_wfc3_uvis_total_iby07u
uvis,iby07v,NGC-2070-2,84.64684833333,-69.18078333333,5,hst_12939_7v_wfc3_uvis_total_iby07v_drc.fits,3339,13539,980.0,9.122818758088759,6.360396562441784,93,a posteriori,STELLAR CLUSTER;STAR FORMING REG,hst_12939_7v_wfc3_uvis_total_iby07v
uvis,iby711,LH-104WEST,84.93078166667,-69.39225555556,2,hst_12940_11_wfc3_uvis_total_iby711_drc.fits,9,32,1609.0,167.7003148544066,154.1693435042184,15,a posteriori,EXT-CLUSTER;OB ASSOCIATION,hst_12940_11_wfc3_uvis_total_iby711
uvis,ibyb06,SN-2011DH,202.5213333333,47.169875,4,hst_13029_06_wfc3_uvis_total_ibyb06_drc.fits,14229,0,72.0,7.745257773306661,10.15312018355147,51,a posteriori,STAR;SUPERNOVA TYPE II,hst_13029_06_wfc3_uvis_total_ibyb06
ir,ibyg03,WFIJ2033-4723,308.4253333333,-47.39527777778,56,hst_12889_03_wfc3_ir_total_ibyg03_drz.fits,2214,4923,23.0,18.86030640648932,21.73625874215588,19,a posteriori,GALAXY;EINSTEIN RING;GRAVITATION,hst_12889_03_wfc3_ir_total_ibyg03
ir,ibyh07,WFIJ2033-4723,308.4253333333,-47.39527777778,8,hst_12874_07_wfc3_ir_total_ibyh07_drz.fits,22,31,8.0,8.018608598997167,15.22344206373932,6,a priori,GALAXY;EINSTEIN RING;GRAVITATION,hst_12874_07_wfc3_ir_total_ibyh07
uvis,ibyh07,WFIJ2033-4723,308.4253333333,-47.39527777778,16,hst_12874_07_wfc3_uvis_total_ibyh07_drc.fits,5,7,5.0,1.606563686998588,3.139907674059017,5,a priori,GALAXY;EINSTEIN RING;GRAVITATION,hst_12874_07_wfc3_uvis_total_ibyh07
uvis,ibyy11,HIGH-HH901,161.03425,-59.53738888889,4,hst_13009_11_wfc3_uvis_total_ibyy11_drc.fits,2363,80610,691.0,15.11726239899593,10.52667301302437,286,a posteriori,STELLAR CLUSTER;ACCRETION DISK;S,hst_13009_11_wfc3_uvis_total_ibyy11
uvis,ic6t01,SN-1987A,83.86675,-69.26974166667,8,hst_13181_01_wfc3_uvis_total_ic6t01_drc.fits,1659,3202,100.0,10.75034106583593,9.36538123291252,92,a posteriori,EXT-STAR;SUPERNOVA,hst_13181_01_wfc3_uvis_total_ic6t01
uvis,ic7s01,SN-2011DH,202.5213333333,47.16972222222,8,hst_13433_01_wfc3_uvis_total_ic7s01_drc.fits,324,932,10.0,30.16836017504404,27.97559194626056,8,a posteriori,STAR;SUPERNOVA TYPE II,hst_13433_01_wfc3_uvis_total_ic7s01
uvis,ic9r01,30-DOR,84.43825375,-69.08950555556,5,hst_13359_01_wfc3_uvis_total_ic9r01_drc.fits,18239,47253,1387.0,9.077293887596461,8.705770416785871,785,a posteriori,EXT-CLUSTER;OB ASSOCIATION;STAR ,hst_13359_01_wfc3_uvis_total_ic9r01
uvis,ic9r02,30-DOR,84.43825375,-69.08950555556,5,hst_13359_02_wfc3_uvis_total_ic9r02_drc.fits,21282,136433,2446.0,5.48802211973166,6.214052920469863,927,a posteriori,EXT-CLUSTER;OB ASSOCIATION;STAR ,hst_13359_02_wfc3_uvis_total_ic9r02
uvis,ic9r03,30-DOR,84.43825375,-69.08950555556,5,hst_13359_03_wfc3_uvis_total_ic9r03_drc.fits,25881,0,2746.0,6.402629211099154,6.303807370910141,1053,a posteriori,EXT-CLUSTER;OB ASSOCIATION;STAR ,hst_13359_03_wfc3_uvis_total_ic9r03
uvis,ic9r06,30-DOR,84.43825375,-69.08950555556,5,hst_13359_06_wfc3_uvis_total_ic9r06_drc.fits,27597,0,1510.0,3.788917030828356,3.601336898752769,759,a posteriori,EXT-CLUSTER;OB ASSOCIATION;STAR ,hst_13359_06_wfc3_uvis_total_ic9r06
uvis,ic9r13,30-DOR,84.43825375,-69.08950555556,4,hst_13359_13_wfc3_uvis_total_ic9r13_drc.fits,27071,40531,1068.0,9.63602215954364,9.813210035397072,653,a posteriori,EXT-CLUSTER;OB ASSOCIATION;STAR ,hst_13359_13_wfc3_uvis_total_ic9r13
uvis,ic9r14,30-DOR,84.43825375,-69.08950555556,5,hst_13359_14_wfc3_uvis_total_ic9r14_drc.fits,26447,0,1181.0,3.126262190408935,2.710281005480681,631,a posteriori,EXT-CLUSTER;OB ASSOCIATION;STAR ,hst_13359_14_wfc3_uvis_total_ic9r14
uvis,ic9r15,30-DOR,84.43825375,-69.08950555556,5,hst_13359_15_wfc3_uvis_total_ic9r15_drc.fits,14983,42445,1339.0,3.768305665537006,3.868273146474083,704,a posteriori,EXT-CLUSTER;OB ASSOCIATION;STAR ,hst_13359_15_wfc3_uvis_total_ic9r15
uvis,icaz05,M42-BOX3-TRAPEZIUM-NORTH,83.81157083333,-5.361333333333,6,hst_13419_05_wfc3_uvis_total_icaz05_drc.fits,2172,0,200.0,10.57185369857296,12.82453816663502,67,a posteriori,STELLAR CLUSTER;STAR FORMING REG,hst_13419_05_wfc3_uvis_total_icaz05
uvis,icaz08,M42-BOX4-BEEHIVE,83.829275,-5.477991666667,6,hst_13419_08_wfc3_uvis_total_icaz08_drc.fits,1614,128170,41.0,2.365340175799616,3.827198675141622,19,a posteriori,STELLAR CLUSTER;STAR FORMING REG,hst_13419_08_wfc3_uvis_total_icaz08
ir,icct01,TR14-MAG6,160.9897258333,-59.547875,28,hst_13446_01_wfc3_ir_total_icct01_drz.fits,3819,3871,601.0,0.0,0.0,0,a priori,STELLAR CLUSTER;OB ASSOCIATION;S,hst_13446_01_wfc3_ir_total_icct01
ir,icct02,TR14-MAG8,160.9787420833,-59.54555833333,33,hst_13446_02_wfc3_ir_total_icct02_drz.fits,2233,4942,621.0,23.57396527923799,34.08586098728397,42,a posteriori,STELLAR CLUSTER;OB ASSOCIATION;S,hst_13446_02_wfc3_ir_total_icct02
ir,icct03,TR14-MAG6,160.9897258333,-59.547875,28,hst_13446_03_wfc3_ir_total_icct03_drz.fits,3996,3691,600.0,0.0,0.0,0,a priori,STELLAR CLUSTER;OB ASSOCIATION;S,hst_13446_03_wfc3_ir_total_icct03
ir,icct04,TR14-MAG8,160.9787420833,-59.54555833333,33,hst_13446_04_wfc3_ir_total_icct04_drz.fits,2444,5343,621.0,26.93314338496578,25.65321220945114,77,a posteriori,STELLAR CLUSTER;OB ASSOCIATION;S,hst_13446_04_wfc3_ir_total_icct04
ir,icd101,HH900,161.3304166667,-59.73972222222,16,hst_13391_01_wfc3_ir_total_icd101_drz.fits,3454,6858,364.0,12.45472801886591,8.746826009543444,313,a posteriori,STAR;JET,hst_13391_01_wfc3_ir_total_icd101
ir,icd102,HH903,161.4858333333,-60.10222222222,16,hst_13391_02_wfc3_ir_total_icd102_drz.fits,2395,5285,380.0,11.92396962365713,11.38291269393084,228,a posteriori,STAR;JET,hst_13391_02_wfc3_ir_total_icd102
ir,icd103,HH1004-1005,161.6866666667,-60.17222222222,16,hst_13391_03_wfc3_ir_total_icd103_drz.fits,4171,7714,383.0,22.90450978851783,21.36987061621683,284,a posteriori,STAR;JET,hst_13391_03_wfc3_ir_total_icd103
ir,icd104,HH1006,161.6375,-60.065,16,hst_13391_04_wfc3_ir_total_icd104_drz.fits,4289,7520,319.0,21.79330788045068,20.06149636751403,275,a posteriori,STAR;JET,hst_13391_04_wfc3_ir_total_icd104
ir,icd107,HH1014,161.44125,-59.685,16,hst_13391_07_wfc3_ir_total_icd107_drz.fits,4115,7648,169.0,144.0970243210663,58.85383474269451,5,a posteriori,STAR;JET,hst_13391_07_wfc3_ir_total_icd107
ir,icd108,HHC-4-5-6-7,161.28875,-60.04055555556,16,hst_13391_08_wfc3_ir_total_icd108_drz.fits,3956,8321,358.0,22.56279341798284,21.89289583529861,285,a posteriori,STAR;JET,hst_13391_08_wfc3_ir_total_icd108
ir,icd157,HH1014,161.44125,-59.685,16,hst_13391_57_wfc3_ir_total_icd157_drz.fits,2708,5349,184.0,17.14591969757562,15.74539165445951,168,a posteriori,STAR;JET,hst_13391_57_wfc3_ir_total_icd157
uvis,icd401,SN-1994I-COMPANION,202.4754320833,47.19173055556,8,hst_13340_01_wfc3_uvis_total_icd401_drc.fits,11271,0,381.0,12.40027791538342,9.038932451553936,3,a posteriori,STAR;B0-B2 III-I,hst_13340_01_wfc3_uvis_total_icd401
uvis,icd501,SN-1987A,83.86675,-69.26974166667,8,hst_13405_01_wfc3_uvis_total_icd501_drc.fits,1544,3745,104.0,5.309824101116668,6.488944920500537,96,a posteriori,EXT-STAR;SUPERNOVA,hst_13405_01_wfc3_uvis_total_icd501
uvis,icd601,ANY,84.11712127243,-69.26310707898,11,hst_13401_01_wfc3_uvis_total_icd601_drc.fits,55986,0,1164.0,8.767418100848317,7.777250222913746,566,a posteriori,UNIDENTIFIED;PARALLEL FIELD,hst_13401_01_wfc3_uvis_total_icd601
uvis,icd604,ANY,84.11688384745,-69.26310742225,11,hst_13401_04_wfc3_uvis_total_icd604_drc.fits,53710,0,1167.0,7.048220708931982,5.692269529125646,626,a posteriori,UNIDENTIFIED;PARALLEL FIELD,hst_13401_04_wfc3_uvis_total_icd604
uvis,icd605,ANY,84.11680470579,-69.26310753667,11,hst_13401_05_wfc3_uvis_total_icd605_drc.fits,51300,0,1169.0,7.022381838364904,4.923048831416659,603,a posteriori,UNIDENTIFIED;PARALLEL FIELD,hst_13401_05_wfc3_uvis_total_icd605
uvis,icd606,ANY,84.11710169891,-69.26858343222,5,hst_13401_06_wfc3_uvis_total_icd606_drc.fits,31518,0,1165.0,6.566697787581954,5.574901115051168,459,a posteriori,UNIDENTIFIED;PARALLEL FIELD,hst_13401_06_wfc3_uvis_total_icd606
uvis,icdh07,NGC3372-TR16,161.2395833333,-59.725,2,hst_13390_07_wfc3_uvis_total_icdh07_drc.fits,139,368,155.0,4.584120332156058,4.482137535861161,58,a posteriori,ISM;HII REGION,hst_13390_07_wfc3_uvis_total_icdh07
ir,icdhb4,NGC3372-TR14,161.0,-59.54666666667,2,hst_13390_b4_wfc3_ir_total_icdhb4_drz.fits,1972,4439,247.0,20.44198776283457,18.3192612244252,202,a posteriori,ISM;HII REGION,hst_13390_b4_wfc3_ir_total_icdhb4
uvis,icdm0h,NGC5194-1,202.4782916667,47.24662777778,6,hst_13364_0h_wfc3_uvis_total_icdm0h_drc.fits,518,1755,20.0,18.54873306472768,13.45925575456664,11,a posteriori,GALAXY;SPIRAL,hst_13364_0h_wfc3_uvis_total_icdm0h
uvis,icdm0i,NGC5194-SW,202.4254833333,47.16555277778,6,hst_13364_0i_wfc3_uvis_total_icdm0i_drc.fits,2708,8023,90.0,6.970410959933549,7.527576968319159,29,a posteriori,GALAXY;SPIRAL,hst_13364_0i_wfc3_uvis_total_icdm0i
uvis,icdm0j,M104-DISK,190.0339166667,-11.6225,9,hst_13364_0j_wfc3_uvis_total_icdm0j_drc.fits,708,2538,28.0,6.115670054034697,5.1533925903959,28,a posteriori,GALAXY;SPIRAL,hst_13364_0j_wfc3_uvis_total_icdm0j
uvis,icdm76,NGC5194-1,202.4782916667,47.24662777778,6,hst_13364_76_wfc3_uvis_total_icdm76_drc.fits,3612,13100,145.0,19.63789035365885,21.40210773695435,46,a posteriori,GALAXY;SPIRAL,hst_13364_76_wfc3_uvis_total_icdm76
ir,ickw01,HOPS086B,83.84962916667,-5.021277777778,2,hst_13763_01_wfc3_ir_total_ickw01_drz.fits,1190,29,3.0,61.5773663275562,71.17453582985384,0,a priori,STAR;YSO,hst_13763_01_wfc3_ir_total_ickw01
uvis,iclf01,SN-1987A,83.86675,-69.26974166667,8,hst_13810_01_wfc3_uvis_total_iclf01_drc.fits,1510,3634,104.0,5.41969311690228,6.379967470648961,95,a posteriori,EXT-STAR;SUPERNOVA,hst_13810_01_wfc3_uvis_total_iclf01
ir,ico206,WFI2033-4723,308.425,-47.39527777778,4,hst_13732_06_wfc3_ir_total_ico206_drz.fits,133,132,22.0,18.84439052360437,14.90235664623156,0,a priori,GALAXY;QSO;GRAVITATIONAL LENS,hst_13732_06_wfc3_ir_total_ico206
ir,icog01,TR14-MAG6,160.9897258333,-59.547875,28,hst_13848_01_wfc3_ir_total_icog01_drz.fits,4112,3791,603.0,0.0,0.0,0,a priori,STELLAR CLUSTER;OB ASSOCIATION;S,hst_13848_01_wfc3_ir_total_icog01
ir,icog02,TR14-MAG8,160.9787420833,-59.54555833333,32,hst_13848_02_wfc3_ir_total_icog02_drz.fits,2359,4697,619.0,17.58105006794335,28.80170870379579,77,a posteriori,STELLAR CLUSTER;OB ASSOCIATION;S,hst_13848_02_wfc3_ir_total_icog02
ir,icol01,ORIMOS-1,83.57,-5.359894444444,8,hst_13826_01_wfc3_ir_total_icol01_drz.fits,2869,347,18.0,25.98528000545501,15.75341423701908,7,a posteriori,STELLAR CLUSTER;STAR FORMING REG,hst_13826_01_wfc3_ir_total_icol01
ir,icol02,ORIMOS-3,83.62495833333,-5.369555555556,8,hst_13826_02_wfc3_ir_total_icol02_drz.fits,181,161,21.0,61.63228015098529,58.02689818824628,20,a posteriori,STELLAR CLUSTER;STAR FORMING REG,hst_13826_02_wfc3_ir_total_icol02
ir,icol04,ORIMOS-7,83.734875,-5.388858333333,8,hst_13826_04_wfc3_ir_total_icol04_drz.fits,3592,328,64.0,21.31293607938298,22.86328384285056,51,a posteriori,STELLAR CLUSTER;STAR FORMING REG,hst_13826_04_wfc3_ir_total_icol04
ir,icol05,ORIMOS-9,83.78983333333,-5.398502777778,8,hst_13826_05_wfc3_ir_total_icol05_drz.fits,172,132,75.0,25.92206415163238,22.7788908690812,71,a posteriori,STELLAR CLUSTER;STAR FORMING REG,hst_13826_05_wfc3_ir_total_icol05
ir,icol08,ORIMOS-14,83.57591666667,-5.404544444444,8,hst_13826_08_wfc3_ir_total_icol08_drz.fits,912,177,13.0,4.960464043701709,3.696711966972179,3,a posteriori,STELLAR CLUSTER;STAR FORMING REG,hst_13826_08_wfc3_ir_total_icol08
ir,icol09,ORIMOS-16,83.630875,-5.414202777778,8,hst_13826_09_wfc3_ir_total_icol09_drz.fits,229,176,14.0,0.0,0.0,0,a priori,STELLAR CLUSTER;STAR FORMING REG,hst_13826_09_wfc3_ir_total_icol09
ir,icol10,ORIMOS-18,83.68583333333,-5.423858333333,8,hst_13826_10_wfc3_ir_total_icol10_drz.fits,1640,180,31.0,17.59513110653484,21.17945470547305,7,a posteriori,STELLAR CLUSTER;STAR FORMING REG,hst_13826_10_wfc3_ir_total_icol10
ir,icol12,ORIMOS-22,83.79991666667,-5.443152777778,8,hst_13826_12_wfc3_ir_total_icol12_drz.fits,2209,532,53.0,14.30504579000131,13.54002400002723,19,a posteriori,STELLAR CLUSTER;STAR FORMING REG,hst_13826_12_wfc3_ir_total_icol12
ir,icol16,ORIMOS-29,83.89883333333,-5.517894444444,8,hst_13826_16_wfc3_ir_total_icol16_drz.fits,3742,0,88.0,10.30147890574945,10.36507367126988,24,a posteriori,STELLAR CLUSTER;STAR FORMING REG,hst_13826_16_wfc3_ir_total_icol16
ir,icol18,ORIMOS-33,83.78891666667,-5.498611111111,8,hst_13826_18_wfc3_ir_total_icol18_drz.fits,168,101,67.0,20.10102732141897,21.90490696455597,21,a posteriori,STELLAR CLUSTER;STAR FORMING REG,hst_13826_18_wfc3_ir_total_icol18
ir,icol20,ORIMOS-37,83.679,-5.479305555556,8,hst_13826_20_wfc3_ir_total_icol20_drz.fits,1155,242,23.0,0.0,0.0,0,a priori,STELLAR CLUSTER;STAR FORMING REG,hst_13826_20_wfc3_ir_total_icol20
ir,icol21,ORIMOS-39,83.62404166667,-5.469647222222,8,hst_13826_21_wfc3_ir_total_icol21_drz.fits,1796,363,23.0,17.13922243935582,18.37448464204351,8,a posteriori,STELLAR CLUSTER;STAR FORMING REG,hst_13826_21_wfc3_ir_total_icol21
ir,icol22,ORIMOS-40,83.58620833333,-5.272166666667,8,hst_13826_22_wfc3_ir_total_icol22_drz.fits,3477,146,13.0,32.99237483799946,61.29523397218767,15,a posteriori,STELLAR CLUSTER;STAR FORMING REG,hst_13826_22_wfc3_ir_total_icol22
ir,icol25,ORIMOS-46,83.75104166667,-5.301122222222,8,hst_13826_25_wfc3_ir_total_icol25_drz.fits,275,212,213.0,22.50302790834789,26.27984326701378,147,a posteriori,STELLAR CLUSTER;STAR FORMING REG,hst_13826_25_wfc3_ir_total_icol25
ir,icol26,ORIMOS-48,83.806,-5.310211111111,8,hst_13826_26_wfc3_ir_total_icol26_drz.fits,395,295,283.0,15.28131039998036,19.06202771927734,218,a posteriori,STELLAR CLUSTER;STAR FORMING REG,hst_13826_26_wfc3_ir_total_icol26
ir,icol27,ORIMOS-50,83.86095833333,-5.320402777778,8,hst_13826_27_wfc3_ir_total_icol27_drz.fits,3422,0,27.0,15.83701291868788,25.65637871843615,8,a posteriori,STELLAR CLUSTER;STAR FORMING REG,hst_13826_27_wfc3_ir_total_icol27
ir,icol28,ORIMOS-52,83.61216666667,-5.231027777778,8,hst_13826_28_wfc3_ir_total_icol28_drz.fits,5143,193,11.0,0.0,0.0,0,a priori,STELLAR CLUSTER;STAR FORMING REG,hst_13826_28_wfc3_ir_total_icol28
ir,icol29,ORIMOS-54,83.66708333333,-5.240686111111,8,hst_13826_29_wfc3_ir_total_icol29_drz.fits,2512,233,25.0,7.142977166801781,6.498423131012105,6,a posteriori,STELLAR CLUSTER;STAR FORMING REG,hst_13826_29_wfc3_ir_total_icol29
ir,icol31,ORIMOS-58,83.77695833333,-5.259983333333,8,hst_13826_31_wfc3_ir_total_icol31_drz.fits,259,205,205.0,31.95296387700016,36.79122539479965,153,a posteriori,STELLAR CLUSTER;STAR FORMING REG,hst_13826_31_wfc3_ir_total_icol31
ir,icol32,ORIMOS-60,83.83191666667,-5.269625,8,hst_13826_32_wfc3_ir_total_icol32_drz.fits,134,106,71.0,19.75067466932925,19.23917639670167,24,a posteriori,STELLAR CLUSTER;STAR FORMING REG,hst_13826_32_wfc3_ir_total_icol32
ir,icol36,ORIMOS-70,83.771875,-5.360525,8,hst_13826_36_wfc3_ir_total_icol36_drz.fits,4934,306,18.0,11.15839359294961,16.3849127232982,7,a posteriori,STELLAR CLUSTER;STAR FORMING REG,hst_13826_36_wfc3_ir_total_icol36
ir,icol37,ORIMOS-72,83.71691666667,-5.350875,8,hst_13826_37_wfc3_ir_total_icol37_drz.fits,1748,154,16.0,28.24120545833691,32.74561036774013,10,a priori,STELLAR CLUSTER;STAR FORMING REG,hst_13826_37_wfc3_ir_total_icol37
ir,icol41,ORIMOS-80,83.83354166667,-5.640422222222,8,hst_13826_41_wfc3_ir_total_icol41_drz.fits,770,157,35.0,24.77746231650828,16.44930073157122,13,a posteriori,STELLAR CLUSTER;STAR FORMING REG,hst_13826_41_wfc3_ir_total_icol41
ir,icol42,ORIMOS-82,83.77858333333,-5.630769444444,8,hst_13826_42_wfc3_ir_total_icol42_drz.fits,2850,235,22.0,50.19632026279442,55.82929045438663,20,a posteriori,STELLAR CLUSTER;STAR FORMING REG,hst_13826_42_wfc3_ir_total_icol42
ir,icol43,ORIMOS-84,83.72358333333,-5.621113888889,8,hst_13826_43_wfc3_ir_total_icol43_drz.fits,790,162,21.0,8.467140153220644,18.57816944064726,12,a priori,STELLAR CLUSTER;STAR FORMING REG,hst_13826_43_wfc3_ir_total_icol43
ir,icol44,ORIMOS-87,83.66995833333,-5.510588888889,8,hst_13826_44_wfc3_ir_total_icol44_drz.fits,423,147,15.0,40.97127040379712,17.02892221302219,9,a priori,STELLAR CLUSTER;STAR FORMING REG,hst_13826_44_wfc3_ir_total_icol44
ir,icol45,ORIMOS-89,83.72491666667,-5.520247222222,8,hst_13826_45_wfc3_ir_total_icol45_drz.fits,3103,286,14.0,0.0,0.0,0,a priori,STELLAR CLUSTER;STAR FORMING REG,hst_13826_45_wfc3_ir_total_icol45
ir,icol47,ORIMOS-93,83.83070833333,-5.539544444444,8,hst_13826_47_wfc3_ir_total_icol47_drz.fits,258,161,19.0,22.76636762347675,34.70098556997903,10,a priori,STELLAR CLUSTER;STAR FORMING REG,hst_13826_47_wfc3_ir_total_icol47
ir,icol49,ORIMOS-98,83.7305,-5.566055555556,8,hst_13826_49_wfc3_ir_total_icol49_drz.fits,333,179,21.0,58.29036333126661,114.3092250648309,12,a posteriori,STELLAR CLUSTER;STAR FORMING REG,hst_13826_49_wfc3_ir_total_icol49
ir,icol50,ORIMOS-100,83.777125,-5.533483333333,8,hst_13826_50_wfc3_ir_total_icol50_drz.fits,2935,396,34.0,6.319358067395846,8.451721962572824,9,a posteriori,STELLAR CLUSTER;STAR FORMING REG,hst_13826_50_wfc3_ir_total_icol50
ir,icol51,ORIMOS-102,83.84041666667,-5.58535,8,hst_13826_51_wfc3_ir_total_icol51_drz.fits,1276,167,20.0,9.26574661061408,51.6786236645829,5,a posteriori,STELLAR CLUSTER;STAR FORMING REG,hst_13826_51_wfc3_ir_total_icol51
ir,icol53,46-WFC3PRIME,83.867375,-5.607675,8,hst_13826_53_wfc3_ir_total_icol53_drz.fits,343,219,21.0,31.32351558906192,19.09328671509012,20,a posteriori,STELLAR CLUSTER;STAR FORMING REG,hst_13826_53_wfc3_ir_total_icol53
ir,icon01,SDF1324,201.0672,27.73656111111,8,hst_13644_01_wfc3_ir_total_icon01_drz.fits,3,1,2.0,80.82304568894159,97.16701143077826,10,a posteriori,GALAXY;HIGH REDSHIFT GALAXY,hst_13644_01_wfc3_ir_total_icon01
uvis,icuq31,SN2011DH,202.5208333333,47.16980555556,4,hst_14149_31_wfc3_uvis_total_icuq31_drc.fits,10305,36349,75.0,7.489516916390945,9.323935535619267,33,a posteriori,EXT-STAR;SUPERNOVA,hst_14149_31_wfc3_uvis_total_icuq31
uvis,icwh01,CL-TRUMPLER-14-P3,160.9833333333,-59.55388888889,15,hst_14107_01_wfc3_uvis_total_icwh01_drc.fits,221,370,1077.0,2.759310172025799,2.223845449440959,81,a priori,STELLAR CLUSTER;EMISSION LINE NE,hst_14107_01_wfc3_uvis_total_icwh01
uvis,icwh03,CL-TRUMPLER-14-P3,160.9833333333,-59.55388888889,15,hst_14107_03_wfc3_uvis_total_icwh03_drc.fits,257,456,1084.0,2.414245371096043,2.160739539750347,66,a priori,STELLAR CLUSTER;EMISSION LINE NE,hst_14107_03_wfc3_uvis_total_icwh03
uvis,icxg01,SN-1987A,83.86675,-69.26974166667,20,hst_14333_01_wfc3_uvis_total_icxg01_drc.fits,315,463,28.0,5.684353004598998,8.28303819614178,25,a posteriori,EXT-STAR;SUPERNOVA,hst_14333_01_wfc3_uvis_total_icxg01
uvis,icz901,NGC4594-DEEP17,189.9862054167,-11.53009444444,8,hst_14175_01_wfc3_uvis_total_icz901_drc.fits,279,6923,12.0,18.94631045219661,14.90359141756386,12,a posteriori,GALAXY;HALO;SPIRAL,hst_14175_01_wfc3_uvis_total_icz901
uvis,icz904,NGC4594-DEEP17,189.9862054167,-11.53009444444,8,hst_14175_04_wfc3_uvis_total_icz904_drc.fits,292,5911,12.0,16.41460725122366,16.11611189079004,12,a posteriori,GALAXY;HALO;SPIRAL,hst_14175_04_wfc3_uvis_total_icz904
uvis,icz906,NGC4594-DEEP17,189.9862054167,-11.53009444444,8,hst_14175_06_wfc3_uvis_total_icz906_drc.fits,218,5671,12.0,6.091804708336144,3.804355222581891,9,a posteriori,GALAXY;HALO;SPIRAL,hst_14175_06_wfc3_uvis_total_icz906
uvis,icz907,NGC4594-DEEP17,189.9862054167,-11.53009444444,8,hst_14175_07_wfc3_uvis_total_icz907_drc.fits,236,4629,12.0,12.21984428881758,11.12369484986332,12,a posteriori,GALAXY;HALO;SPIRAL,hst_14175_07_wfc3_uvis_total_icz907
ir,iczc18,HOPS100,83.59870833333,-4.934019444444,4,hst_14181_18_wfc3_ir_total_iczc18_drz.fits,1557,114,8.0,8.99374261675285,8.757174665760653,7,a posteriori,STAR;YSO,hst_14181_18_wfc3_ir_total_iczc18
uvis,id1k77,ANY,84.83377613244,-69.28492120583,3,hst_14178_77_wfc3_uvis_total_id1k77_drc.fits,23919,0,845.0,3.609414229360717,3.422446303155572,485,a posteriori,UNIDENTIFIED;PARALLEL FIELD,hst_14178_77_wfc3_uvis_total_id1k77
ir,id1k78,ANY,84.83494209434,-69.28545389597,2,hst_14178_78_wfc3_ir_total_id1k78_drz.fits,5653,9268,539.0,6.875989121756896,7.402190955556313,0,a priori,UNIDENTIFIED;PARALLEL FIELD,hst_14178_78_wfc3_ir_total_id1k78
ir,id1k79,ANY,84.83494209434,-69.28545389597,2,hst_14178_79_wfc3_ir_total_id1k79_drz.fits,5669,8540,540.0,7.067850800403494,8.172530405723267,0,not aligned,UNIDENTIFIED;PARALLEL FIELD,hst_14178_79_wfc3_ir_total_id1k79
ir,id1k80,ANY,84.83494575634,-69.2854547506,2,hst_14178_80_wfc3_ir_total_id1k80_drz.fits,5589,9542,539.0,24.9359025639156,26.60863439005174,0,a priori,UNIDENTIFIED;PARALLEL FIELD,hst_14178_80_wfc3_ir_total_id1k80
ir,id1k81,ANY,84.83494575634,-69.2854547506,2,hst_14178_81_wfc3_ir_total_id1k81_drz.fits,5273,5729,538.0,7.163174823287112,7.310239548026442,0,a priori,UNIDENTIFIED;PARALLEL FIELD,hst_14178_81_wfc3_ir_total_id1k81
uvis,id5l01,CL-TRUMPLER-14-P3,160.9833333333,-59.55388888889,8,hst_14647_01_wfc3_uvis_total_id5l01_drc.fits,111,170,1088.0,2.295249761863496,2.450182119269026,72,a priori,STELLAR CLUSTER;EMISSION LINE NE,hst_14647_01_wfc3_uvis_total_id5l01
uvis,id5l02,CL-TRUMPLER-14-P3,160.9833333333,-59.55388888889,15,hst_14647_02_wfc3_uvis_total_id5l02_drc.fits,0,1,1080.0,0.0,0.0,0,not aligned,STELLAR CLUSTER;EMISSION LINE NE,hst_14647_02_wfc3_uvis_total_id5l02
uvis,id5p01,SN-2011DH,202.5212729167,47.1697,10,hst_14763_01_wfc3_uvis_total_id5p01_drc.fits,677,0,5.0,0.0,0.0,0,a priori,STAR;SUPERNOVA TYPE II,hst_14763_01_wfc3_uvis_total_id5p01
ir,id8f01,ANY,202.6182682301,47.24085358892,4,hst_14704_01_wfc3_ir_total_id8f01_drz.fits,3263,2384,2.0,64.07753829139111,93.17241703133989,15,a posteriori,UNIDENTIFIED;PARALLEL FIELD,hst_14704_01_wfc3_ir_total_id8f01
uvis,id8f01,ANY,202.6049306899,47.23775506839,4,hst_14704_01_wfc3_uvis_total_id8f01_drc.fits,251,593,7.0,2.013094556914375,3.623671607126838,7,a posteriori,UNIDENTIFIED;PARALLEL FIELD,hst_14704_01_wfc3_uvis_total_id8f01
ir,id8f02,ANY,202.6108776392,47.24790017515,4,hst_14704_02_wfc3_ir_total_id8f02_drz.fits,3355,1352,3.0,22.1077693061369,11.9255784973473,3,a posteriori,UNIDENTIFIED;PARALLEL FIELD,hst_14704_02_wfc3_ir_total_id8f02
uvis,id8f02,ANY,202.5980409479,47.24406251481,4,hst_14704_02_wfc3_uvis_total_id8f02_drc.fits,215,534,5.0,0.9871100570963087,4.604299304616772,3,a posteriori,UNIDENTIFIED;PARALLEL FIELD,hst_14704_02_wfc3_uvis_total_id8f02
ir,id8f04,ANY,202.5593148811,47.27615471466,4,hst_14704_04_wfc3_ir_total_id8f04_drz.fits,5339,1179,1.0,0.0,0.0,1,a posteriori,UNIDENTIFIED;PARALLEL FIELD,hst_14704_04_wfc3_ir_total_id8f04
uvis,id8f04,ANY,202.5502983785,47.26885830165,4,hst_14704_04_wfc3_uvis_total_id8f04_drc.fits,1423,24112,3.0,0.0,0.0,0,a priori,UNIDENTIFIED;PARALLEL FIELD,hst_14704_04_wfc3_uvis_total_id8f04
ir,id8f05,ANY,202.5043718048,47.28584515438,4,hst_14704_05_wfc3_ir_total_id8f05_drz.fits,3019,1087,8.0,22.13202010812055,11.82347493124296,8,a posteriori,UNIDENTIFIED;PARALLEL FIELD,hst_14704_05_wfc3_ir_total_id8f05
uvis,id8f05,ANY,202.5001408989,47.27676622774,4,hst_14704_05_wfc3_uvis_total_id8f05_drc.fits,1086,0,15.0,11.90999957189507,8.990810572920433,12,a posteriori,UNIDENTIFIED;PARALLEL FIELD,hst_14704_05_wfc3_uvis_total_id8f05
ir,id8f06,ANY,202.5043718048,47.28584515438,4,hst_14704_06_wfc3_ir_total_id8f06_drz.fits,2937,1025,8.0,34.36209491149231,40.75167038624907,8,a posteriori,UNIDENTIFIED;PARALLEL FIELD,hst_14704_06_wfc3_ir_total_id8f06
uvis,id8f06,ANY,202.5001408989,47.27676622774,4,hst_14704_06_wfc3_uvis_total_id8f06_drc.fits,1852,0,15.0,7.614578384137614,5.0757224983594,12,a posteriori,UNIDENTIFIED;PARALLEL FIELD,hst_14704_06_wfc3_uvis_total_id8f06
ir,id8f07,ANY,202.4281484955,47.27471943145,4,hst_14704_07_wfc3_ir_total_id8f07_drz.fits,4541,2741,5.0,5.914382191673461,1.230839900110821,3,a posteriori,UNIDENTIFIED;PARALLEL FIELD,hst_14704_07_wfc3_ir_total_id8f07
uvis,id8f07,ANY,202.4314119097,47.26545866548,4,hst_14704_07_wfc3_uvis_total_id8f07_drc.fits,1540,26636,8.0,1.941517992003723,0.6777296527211268,3,a priori,UNIDENTIFIED;PARALLEL FIELD,hst_14704_07_wfc3_uvis_total_id8f07
ir,id8f08,ANY,202.4281484955,47.27471943145,4,hst_14704_08_wfc3_ir_total_id8f08_drz.fits,4985,3156,5.0,4.954543322512134,5.195717717449383,3,a posteriori,UNIDENTIFIED;PARALLEL FIELD,hst_14704_08_wfc3_ir_total_id8f08
uvis,id8f08,ANY,202.4314119097,47.26545866548,4,hst_14704_08_wfc3_uvis_total_id8f08_drc.fits,1810,30437,8.0,10.0272475450166,8.37259408247723,7,a posteriori,UNIDENTIFIED;PARALLEL FIELD,hst_14704_08_wfc3_uvis_total_id8f08
ir,id8f11,ANY,202.4281484955,47.27471943145,4,hst_14704_11_wfc3_ir_total_id8f11_drz.fits,4926,2736,5.0,4.886674586716192,0.3339882340388032,3,a posteriori,UNIDENTIFIED;PARALLEL FIELD,hst_14704_11_wfc3_ir_total_id8f11
uvis,id8f11,ANY,202.4314119097,47.26545866548,4,hst_14704_11_wfc3_uvis_total_id8f11_drc.fits,1679,28573,8.0,6.620008274968655,9.922171500725463,8,a posteriori,UNIDENTIFIED;PARALLEL FIELD,hst_14704_11_wfc3_uvis_total_id8f11
ir,id8f13,ANY,202.3570403939,47.21751669312,4,hst_14704_13_wfc3_ir_total_id8f13_drz.fits,6373,4616,1.0,54.63334272821936,79.96998023512879,19,a posteriori,UNIDENTIFIED;PARALLEL FIELD,hst_14704_13_wfc3_ir_total_id8f13
uvis,id8f13,ANY,202.3689083891,47.21244913065,4,hst_14704_13_wfc3_uvis_total_id8f13_drc.fits,100,347,5.0,3.486581816664912,2.14129928140507,4,a posteriori,UNIDENTIFIED;PARALLEL FIELD,hst_14704_13_wfc3_uvis_total_id8f13
ir,id8f16,ANY,202.3682812364,47.13878754075,4,hst_14704_16_wfc3_ir_total_id8f16_drz.fits,4319,1881,5.0,16.20124416956732,2.219166665795146,4,a posteriori,UNIDENTIFIED;PARALLEL FIELD,hst_14704_16_wfc3_ir_total_id8f16
uvis,id8f16,ANY,202.3818120485,47.14122794898,4,hst_14704_16_wfc3_uvis_total_id8f16_drc.fits,273,2208,8.0,4.201373393721972,5.864090768101005,7,a posteriori,UNIDENTIFIED;PARALLEL FIELD,hst_14704_16_wfc3_uvis_total_id8f16
ir,id8f17,ANY,202.3682812364,47.13878754075,4,hst_14704_17_wfc3_ir_total_id8f17_drz.fits,4419,3378,5.0,37.23059435332,64.396761386907,4,a posteriori,UNIDENTIFIED;PARALLEL FIELD,hst_14704_17_wfc3_ir_total_id8f17
uvis,id8f17,ANY,202.3818120485,47.14122794898,4,hst_14704_17_wfc3_uvis_total_id8f17_drc.fits,298,2478,8.0,2.411898685051686,2.190951251921194,6,a posteriori,UNIDENTIFIED;PARALLEL FIELD,hst_14704_17_wfc3_uvis_total_id8f17
uvis,id8f18,ANY,202.4544604777,47.10141756159,4,hst_14704_18_wfc3_uvis_total_id8f18_drc.fits,2624,19273,2.0,0.0,0.0,0,a priori,UNIDENTIFIED;PARALLEL FIELD,hst_14704_18_wfc3_uvis_total_id8f18
uvis,id8f19,ANY,202.4544604777,47.10141756159,4,hst_14704_19_wfc3_uvis_total_id8f19_drc.fits,2830,19782,2.0,0.0,0.0,0,a priori,UNIDENTIFIED;PARALLEL FIELD,hst_14704_19_wfc3_uvis_total_id8f19
ir,id8f22,ANY,202.5152867452,47.08858885827,4,hst_14704_22_wfc3_ir_total_id8f22_drz.fits,4163,2893,3.0,86.66883094546496,71.93563111528185,21,a posteriori,UNIDENTIFIED;PARALLEL FIELD,hst_14704_22_wfc3_ir_total_id8f22
uvis,id8f22,ANY,202.5168770484,47.09804893206,4,hst_14704_22_wfc3_uvis_total_id8f22_drc.fits,52,288,6.0,167.1782211281596,75.30806512043303,4,a posteriori,UNIDENTIFIED;PARALLEL FIELD,hst_14704_22_wfc3_uvis_total_id8f22
ir,id8f24,ANY,202.5363970815,47.0916182674,4,hst_14704_24_wfc3_ir_total_id8f24_drz.fits,3303,2305,3.0,99.79566970718786,69.35803237322335,21,a posteriori,UNIDENTIFIED;PARALLEL FIELD,hst_14704_24_wfc3_ir_total_id8f24
uvis,id8f24,ANY,202.5359207339,47.10113457191,4,hst_14704_24_wfc3_uvis_total_id8f24_drc.fits,101,457,4.0,0.0,0.0,0,a priori,UNIDENTIFIED;PARALLEL FIELD,hst_14704_24_wfc3_uvis_total_id8f24
ir,id8f27,ANY,202.5660653901,47.09996711236,4,hst_14704_27_wfc3_ir_total_id8f27_drz.fits,4987,3923,3.0,57.2691076186431,73.80505621463409,15,a posteriori,UNIDENTIFIED;PARALLEL FIELD,hst_14704_27_wfc3_ir_total_id8f27
uvis,id8f27,ANY,202.5625426598,47.10918209003,4,hst_14704_27_wfc3_uvis_total_id8f27_drc.fits,68,307,5.0,2.115754911394743,2.738689238731981,4,a posteriori,UNIDENTIFIED;PARALLEL FIELD,hst_14704_27_wfc3_uvis_total_id8f27
ir,id8f28,ANY,202.5994812916,47.11711831054,4,hst_14704_28_wfc3_ir_total_id8f28_drz.fits,3638,3198,3.0,54.96633022384262,87.82241915614192,21,a posteriori,UNIDENTIFIED;PARALLEL FIELD,hst_14704_28_wfc3_ir_total_id8f28
uvis,id8f28,ANY,202.5922576024,47.12527333752,4,hst_14704_28_wfc3_uvis_total_id8f28_drc.fits,88,314,5.0,1.828736191146059,2.267417672516081,5,a posteriori,UNIDENTIFIED;PARALLEL FIELD,hst_14704_28_wfc3_uvis_total_id8f28
ir,id8f29,ANY,202.5994812916,47.11711831054,4,hst_14704_29_wfc3_ir_total_id8f29_drz.fits,3374,3074,3.0,79.98916348411372,111.0984043888842,22,a posteriori,UNIDENTIFIED;PARALLEL FIELD,hst_14704_29_wfc3_ir_total_id8f29
uvis,id8f29,ANY,202.5922576024,47.12527333752,4,hst_14704_29_wfc3_uvis_total_id8f29_drc.fits,81,341,5.0,41.84051152478759,26.15093660904826,4,a posteriori,UNIDENTIFIED;PARALLEL FIELD,hst_14704_29_wfc3_uvis_total_id8f29
ir,id8f30,ANY,202.6220192581,47.13715092718,4,hst_14704_30_wfc3_ir_total_id8f30_drz.fits,860,635,2.0,74.65570967438968,86.34725838699188,20,a posteriori,UNIDENTIFIED;PARALLEL FIELD,hst_14704_30_wfc3_ir_total_id8f30
uvis,id8f30,ANY,202.6120039401,47.14380342433,4,hst_14704_30_wfc3_uvis_total_id8f30_drc.fits,64,313,4.0,4.718511659593568,4.00404626198553,4,a posteriori,UNIDENTIFIED;PARALLEL FIELD,hst_14704_30_wfc3_uvis_total_id8f30
ir,id8f31,ANY,202.6220192581,47.13715092718,4,hst_14704_31_wfc3_ir_total_id8f31_drz.fits,892,579,2.0,87.48300845270713,86.22147860579769,18,a posteriori,UNIDENTIFIED;PARALLEL FIELD,hst_14704_31_wfc3_ir_total_id8f31
uvis,id8f31,ANY,202.6120039401,47.14380342433,4,hst_14704_31_wfc3_uvis_total_id8f31_drc.fits,64,315,4.0,0.0,0.0,0,not aligned,UNIDENTIFIED;PARALLEL FIELD,hst_14704_31_wfc3_uvis_total_id8f31
ir,id8f32,ANY,202.6372865598,47.16264592192,4,hst_14704_32_wfc3_ir_total_id8f32_drz.fits,841,595,1.0,0.0,0.0,1,a posteriori,UNIDENTIFIED;PARALLEL FIELD,hst_14704_32_wfc3_ir_total_id8f32
uvis,id8f32,ANY,202.624963826,47.16717057398,4,hst_14704_32_wfc3_uvis_total_id8f32_drc.fits,94,316,2.0,0.0,0.0,0,not aligned,UNIDENTIFIED;PARALLEL FIELD,hst_14704_32_wfc3_uvis_total_id8f32
ir,id8f33,ANY,202.6372865598,47.16264592192,4,hst_14704_33_wfc3_ir_total_id8f33_drz.fits,740,528,1.0,0.0,0.0,1,a posteriori,UNIDENTIFIED;PARALLEL FIELD,hst_14704_33_wfc3_ir_total_id8f33
uvis,id8f33,ANY,202.624963826,47.16717057398,4,hst_14704_33_wfc3_uvis_total_id8f33_drc.fits,83,341,2.0,0.0,0.0,0,not aligned,UNIDENTIFIED;PARALLEL FIELD,hst_14704_33_wfc3_uvis_total_id8f33
ir,id8f34,ANY,202.6414290393,47.19337384568,4,hst_14704_34_wfc3_ir_total_id8f34_drz.fits,3158,2346,6.0,19.75971357878551,37.5244071388468,5,a posteriori,UNIDENTIFIED;PARALLEL FIELD,hst_14704_34_wfc3_ir_total_id8f34
uvis,id8f34,ANY,202.6276497268,47.19510438031,4,hst_14704_34_wfc3_uvis_total_id8f34_drc.fits,85,299,6.0,2.413686745555264,1.970747351863662,6,a posteriori,UNIDENTIFIED;PARALLEL FIELD,hst_14704_34_wfc3_uvis_total_id8f34
ir,id8f35,ANY,202.3633722935,47.22850493441,4,hst_14704_35_wfc3_ir_total_id8f35_drz.fits,6279,4101,1.0,39.69480622507754,89.31152635248814,17,a posteriori,UNIDENTIFIED;PARALLEL FIELD,hst_14704_35_wfc3_ir_total_id8f35
uvis,id8f35,ANY,202.3742715199,47.22251509118,4,hst_14704_35_wfc3_uvis_total_id8f35_drc.fits,114,742,7.0,2.868099907407235,4.411915784543641,6,a posteriori,UNIDENTIFIED;PARALLEL FIELD,hst_14704_35_wfc3_uvis_total_id8f35
uvis,ida916,ANY,84.81314505794,-68.95111999766,6,hst_14675_16_wfc3_uvis_total_ida916_drc.fits,5145,15985,909.0,6.323834456118246,5.900092548129319,523,a posteriori,UNIDENTIFIED;PARALLEL FIELD,hst_14675_16_wfc3_uvis_total_ida916
ir,ida928,ANY,84.21160686467,-69.03735908484,6,hst_14675_28_wfc3_ir_total_ida928_drz.fits,8228,8066,483.0,26.47158028572076,23.96299892000794,271,a posteriori,UNIDENTIFIED;PARALLEL FIELD,hst_14675_28_wfc3_ir_total_ida928
uvis,ida928,ANY,84.21217264818,-69.03979735337,23,hst_14675_28_wfc3_uvis_total_ida928_drc.fits,3620,6981,776.0,3.372701005158516,3.245929075657453,606,a posteriori,UNIDENTIFIED;PARALLEL FIELD,hst_14675_28_wfc3_uvis_total_ida928
ir,ida929,ANY,84.22428567982,-69.08102108718,6,hst_14675_29_wfc3_ir_total_ida929_drz.fits,7478,8347,412.0,29.11082230324462,27.84325975956543,243,a posteriori,UNIDENTIFIED;PARALLEL FIELD,hst_14675_29_wfc3_ir_total_ida929
uvis,ida929,ANY,84.21810159169,-69.08207514345,18,hst_14675_29_wfc3_uvis_total_ida929_drc.fits,1721,4300,677.0,4.499897901416869,4.199078037621553,234,a posteriori,UNIDENTIFIED;PARALLEL FIELD,hst_14675_29_wfc3_uvis_total_ida929
ir,ida931,ANY,84.60368940722,-68.9848439877,6,hst_14675_31_wfc3_ir_total_ida931_drz.fits,6491,9244,504.0,28.14826180889864,30.90916515735614,251,a posteriori,UNIDENTIFIED;PARALLEL FIELD,hst_14675_31_wfc3_ir_total_ida931
uvis,ida931,ANY,84.60585768466,-68.98716380639,12,hst_14675_31_wfc3_uvis_total_ida931_drc.fits,14539,42933,784.0,1.826507803588389,1.819990402816033,472,a posteriori,UNIDENTIFIED;PARALLEL FIELD,hst_14675_31_wfc3_uvis_total_ida931
ir,ida932,ANY,84.79607420309,-69.03185987046,6,hst_14675_32_wfc3_ir_total_ida932_drz.fits,5218,6537,457.0,8.057670998695992,5.998349846876063,273,a posteriori,UNIDENTIFIED;PARALLEL FIELD,hst_14675_32_wfc3_ir_total_ida932
uvis,ida932,ANY,84.79536761898,-69.03429342634,18,hst_14675_32_wfc3_uvis_total_ida932_drc.fits,11032,0,699.0,5.469227161184106,5.192079896601695,504,a posteriori,UNIDENTIFIED;PARALLEL FIELD,hst_14675_32_wfc3_uvis_total_ida932
uvis,iddz05,ANY,160.8907978427,-59.4743532927,2,hst_14889_05_wfc3_uvis_total_iddz05_drc.fits,9,32,177.0,0.0,0.0,0,a priori,UNIDENTIFIED;PARALLEL FIELD,hst_14889_05_wfc3_uvis_total_iddz05
uvis,iddz06,ANY,161.1190781708,-59.48814699989,2,hst_14889_06_wfc3_uvis_total_iddz06_drc.fits,26,35,432.0,2.994353085282155,3.879053354146959,17,a posteriori,UNIDENTIFIED;PARALLEL FIELD,hst_14889_06_wfc3_uvis_total_iddz06
uvis,idhm02,CL-TRUMPLER-14-P3,160.9833333333,-59.55388888889,15,hst_15157_02_wfc3_uvis_total_idhm02_drc.fits,168,313,1081.0,0.0,0.0,0,not aligned,STELLAR CLUSTER;EMISSION LINE NE,hst_15157_02_wfc3_uvis_total_idhm02
ir,idix03,SDF30,201.0012541667,27.543875,12,hst_15137_03_wfc3_ir_total_idix03_drz.fits,110,94,2.0,101.0250734246252,81.80944417092795,12,a posteriori,GALAXY;HIGH REDSHIFT GALAXY,hst_15137_03_wfc3_ir_total_idix03
uvis,idjd10,SN-1987A,83.86708333333,-69.26974166667,8,hst_15256_10_wfc3_uvis_total_idjd10_drc.fits,1567,3629,111.0,6.809103124029386,7.438526861985742,104,a posteriori,EXT-STAR;SUPERNOVA,hst_15256_10_wfc3_uvis_total_idjd10
uvis,idjd11,SN-1987A,83.86708333333,-69.26974166667,12,hst_15256_11_wfc3_uvis_total_idjd11_drc.fits,906,3520,109.0,8.27629275183757,9.002366450042437,103,a posteriori,EXT-STAR;SUPERNOVA,hst_15256_11_wfc3_uvis_total_idjd11
uvis,idm501,ETA-CAR,161.264775,-59.68443055556,6,hst_15289_01_wfc3_uvis_total_idm501_drc.fits,479,4459,629.0,6.038081241912911,9.271155358532436,31,a posteriori,STAR;LUMINOUS BLUE VARIABLE,hst_15289_01_wfc3_uvis_total_idm501
ir,idm502,ETA-CAR,161.264775,-59.68443055556,8,hst_15289_02_wfc3_ir_total_idm502_drz.fits,6099,10360,1118.0,54.00128501767531,57.77647267900016,717,a posteriori,STAR;LUMINOUS BLUE VARIABLE,hst_15289_02_wfc3_ir_total_idm502
ir,idmc02,ISF2,83.80641916667,-4.941669444444,8,hst_15141_02_wfc3_ir_total_idmc02_drz.fits,11711,138,37.0,0.0,0.0,0,a priori,STELLAR CLUSTER;STAR FORMING REG,hst_15141_02_wfc3_ir_total_idmc02
ir,idmc05,ISF5,83.87016916667,-5.205,8,hst_15141_05_wfc3_ir_total_idmc05_drz.fits,4952,121,122.0,0.0,0.0,0,a priori,STELLAR CLUSTER;STAR FORMING REG,hst_15141_05_wfc3_ir_total_idmc05
ir,idmc09,ISF9,83.84016916667,-5.468330555556,8,hst_15141_09_wfc3_ir_total_idmc09_drz.fits,4200,346,296.0,0.0,0.0,0,a priori,STELLAR CLUSTER;STAR FORMING REG,hst_15141_09_wfc3_ir_total_idmc09
ir,idmc10,ISF10,83.77683583333,-5.468330555556,8,hst_15141_10_wfc3_ir_total_idmc10_drz.fits,4214,162,170.0,0.0,0.0,0,a priori,STELLAR CLUSTER;STAR FORMING REG,hst_15141_10_wfc3_ir_total_idmc10
ir,idmc11,ISF11,83.80766916667,-5.6,8,hst_15141_11_wfc3_ir_total_idmc11_drz.fits,8237,387,90.0,0.0,0.0,0,a priori,STELLAR CLUSTER;STAR FORMING REG,hst_15141_11_wfc3_ir_total_idmc11
ir,idmc12,ISF12,83.74433583333,-5.6,8,hst_15141_12_wfc3_ir_total_idmc12_drz.fits,11427,221,41.0,0.0,0.0,0,a priori,STELLAR CLUSTER;STAR FORMING REG,hst_15141_12_wfc3_ir_total_idmc12
uvis,idn023,ESO540-31,12.46384333333,-21.02341111111,12,hst_15275_23_wfc3_uvis_total_idn023_drc.fits,1,48,5.0,0.0,0.0,0,a priori,GALAXY;STAR FORMING REGION,hst_15275_23_wfc3_uvis_total_idn023
uvis,idn073,ESO540-31,12.46384333333,-21.02341111111,12,hst_15275_73_wfc3_uvis_total_idn073_drc.fits,25,214,5.0,0.0,0.0,0,not aligned,GALAXY;STAR FORMING REGION,hst_15275_73_wfc3_uvis_total_idn073
ir,idnm0l,CARINANEBULA-B,160.85408625,-59.61064166667,9,hst_15238_0l_wfc3_ir_total_idnm0l_drz.fits,3384,13174,524.0,71.49915270078655,36.8284068169034,43,a posteriori,EXT-CLUSTER;OPEN CLUSTER,hst_15238_0l_wfc3_ir_total_idnm0l
ir,idnm0m,CARINANEBULA-C,160.7881708333,-59.59636388889,9,hst_15238_0m_wfc3_ir_total_idnm0m_drz.fits,154,140,170.0,0.0,0.0,0,not aligned,EXT-CLUSTER;OPEN CLUSTER,hst_15238_0m_wfc3_ir_total_idnm0m
ir,idnm0n,CARINANEBULA-D,160.9843975,-59.64168611111,9,hst_15238_0n_wfc3_ir_total_idnm0n_drz.fits,9958,4501,647.0,0.0,0.0,0,not aligned,EXT-CLUSTER;OPEN CLUSTER,hst_15238_0n_wfc3_ir_total_idnm0n
ir,idnm0o,CARINANEBULA-E,161.0479075,-59.65675,9,hst_15238_0o_wfc3_ir_total_idnm0o_drz.fits,6045,5210,682.0,0.0,0.0,0,a priori,EXT-CLUSTER;OPEN CLUSTER,hst_15238_0o_wfc3_ir_total_idnm0o
ir,idnm0p,CARINANEBULA-F,161.0882183333,-59.70185,9,hst_15238_0p_wfc3_ir_total_idnm0p_drz.fits,6072,2255,755.0,0.0,0.0,0,not aligned,EXT-CLUSTER;OPEN CLUSTER,hst_15238_0p_wfc3_ir_total_idnm0p
ir,idnm0q,CARINANEBULA-G,161.1543583333,-59.716025,9,hst_15238_0q_wfc3_ir_total_idnm0q_drz.fits,728,757,756.0,0.0,0.0,0,a priori,EXT-CLUSTER;OPEN CLUSTER,hst_15238_0q_wfc3_ir_total_idnm0q
ir,idnm0s,CARINANEBULA-I,161.0991629167,-59.775725,9,hst_15238_0s_wfc3_ir_total_idnm0s_drz.fits,925,906,527.0,0.0,0.0,0,a priori,EXT-CLUSTER;OPEN CLUSTER,hst_15238_0s_wfc3_ir_total_idnm0s
ir,idnm0v,CARINANEBULA-L,160.9683358333,-59.74527222222,9,hst_15238_0v_wfc3_ir_total_idnm0v_drz.fits,6623,6512,518.0,0.0,0.0,0,not aligned,EXT-CLUSTER;OPEN CLUSTER,hst_15238_0v_wfc3_ir_total_idnm0v
ir,idnm1b,CARINANEBULA-R,161.2594291667,-59.77718055556,9,hst_15238_1b_wfc3_ir_total_idnm1b_drz.fits,8562,6512,640.0,0.0,0.0,0,not aligned,EXT-CLUSTER;OPEN CLUSTER,hst_15238_1b_wfc3_ir_total_idnm1b
ir,idnm1c,CARINANEBULA-S,160.9884545833,-59.46434722222,9,hst_15238_1c_wfc3_ir_total_idnm1c_drz.fits,712,662,555.0,0.0,0.0,0,not aligned,EXT-CLUSTER;OPEN CLUSTER,hst_15238_1c_wfc3_ir_total_idnm1c
ir,idnm1f,CARINANEBULA-V,161.1805054167,-59.50927777778,9,hst_15238_1f_wfc3_ir_total_idnm1f_drz.fits,930,868,666.0,0.0,0.0,0,not aligned,EXT-CLUSTER;OPEN CLUSTER,hst_15238_1f_wfc3_ir_total_idnm1f
ir,idnm1h,CARINANEBULA-X,161.0510320833,-59.47966666667,9,hst_15238_1h_wfc3_ir_total_idnm1h_drz.fits,5925,2850,1076.0,0.0,0.0,0,not aligned,EXT-CLUSTER;OPEN CLUSTER,hst_15238_1h_wfc3_ir_total_idnm1h
uvis,idtl01,ETA-CAR,161.264775,-59.68443055556,17,hst_15596_01_wfc3_uvis_total_idtl01_drc.fits,221,11401,154.0,0.0,0.0,0,a priori,STAR;LUMINOUS BLUE VARIABLE,hst_15596_01_wfc3_uvis_total_idtl01
uvis,idvt11,SN-1987A,83.86708333333,-69.26974166667,4,hst_15503_11_wfc3_uvis_total_idvt11_drc.fits,786,0,104.0,7.645053551960488,7.709546207408883,94,a posteriori,EXT-STAR;SUPERNOVA,hst_15503_11_wfc3_uvis_total_idvt11
uvis,ie2221,SN-1987A,83.86708333333,-69.26974166667,8,hst_15928_21_wfc3_uvis_total_ie2221_drc.fits,1552,4023,97.0,10.4654736950489,11.27379125685797,87,a posteriori,EXT-STAR;SUPERNOVA,hst_15928_21_wfc3_uvis_total_ie2221
uvis,ie2222,SN-1987A,83.86708333333,-69.26974166667,12,hst_15928_22_wfc3_uvis_total_ie2222_drc.fits,868,3727,99.0,10.13127141138113,11.24332050246377,93,a posteriori,EXT-STAR;SUPERNOVA,hst_15928_22_wfc3_uvis_total_ie2222
uvis,ie2w04,ETA-CAR,161.264775,-59.68443055556,30,hst_15823_04_wfc3_uvis_total_ie2w04_drc.fits,819,1485,610.0,2.145980531473151,2.886418076452012,3,a priori,STAR;LUMINOUS BLUE VARIABLE,hst_15823_04_wfc3_uvis_total_ie2w04
uvis,ie9m39,ANY,84.64290195861,-69.06900104551,5,hst_15891_39_wfc3_uvis_total_ie9m39_drc.fits,10478,0,1338.0,7.6577797634543,11.31716752022014,529,a posteriori,UNIDENTIFIED;PARALLEL FIELD,hst_15891_39_wfc3_uvis_total_ie9m39
uvis,ie9m40,ANY,84.64290195861,-69.06900104551,5,hst_15891_40_wfc3_uvis_total_ie9m40_drc.fits,14583,0,1338.0,8.020258045355193,10.96014998663777,487,a posteriori,UNIDENTIFIED;PARALLEL FIELD,hst_15891_40_wfc3_uvis_total_ie9m40
uvis,ie9m42,ANY,84.64297228376,-69.06931304003,5,hst_15891_42_wfc3_uvis_total_ie9m42_drc.fits,2944,2946,1353.0,9.10209108450895,12.08306036500789,566,a posteriori,UNIDENTIFIED;PARALLEL FIELD,hst_15891_42_wfc3_uvis_total_ie9m42
uvis,ie9m80,ANY,85.16632954395,-69.3516450294,4,hst_15891_80_wfc3_uvis_total_ie9m80_drc.fits,17904,33560,1090.0,6.648327583706697,5.987762721122849,501,a posteriori,UNIDENTIFIED;PARALLEL FIELD,hst_15891_80_wfc3_uvis_total_ie9m80
uvis,ie9m82,ANY,84.77799613128,-69.17942349486,5,hst_15891_82_wfc3_uvis_total_ie9m82_drc.fits,16206,48194,568.0,6.67831145476759,5.639647937285225,387,a posteriori,UNIDENTIFIED;PARALLEL FIELD,hst_15891_82_wfc3_uvis_total_ie9m82
ir,ie9m83,ANY,84.77739054984,-69.17698632788,1,hst_15891_83_wfc3_ir_total_ie9m83_drz.fits,5478,3995,360.0,34.9354797238246,34.90330629788059,212,a posteriori,UNIDENTIFIED;PARALLEL FIELD,hst_15891_83_wfc3_ir_total_ie9m83
uvis,ie9m83,ANY,84.77799613128,-69.17942349486,3,hst_15891_83_wfc3_uvis_total_ie9m83_drc.fits,15433,26938,569.0,3.471043595782882,3.289817165264945,171,a posteriori,UNIDENTIFIED;PARALLEL FIELD,hst_15891_83_wfc3_uvis_total_ie9m83
uvis,ieb331,SN2011DH,202.5212729167,47.1697,4,hst_16179_31_wfc3_uvis_total_ieb331_drc.fits,12422,0,79.0,8.018752495132283,8.943962530286747,46,a posteriori,EXT-STAR;SUPERNOVA,hst_16179_31_wfc3_uvis_total_ieb331
ir,iejk54,M51DS1,202.484,47.19661944444,8,hst_16508_54_wfc3_ir_total_iejk54_drz.fits,1687,1029,305.0,54.60178266013198,47.90522770817163,115,a posteriori,STAR;CIRCUMSTELLAR MATTER;SUPERG,hst_16508_54_wfc3_ir_total_iejk54
